{
    "minVersion": "0.1",
    "headerImage": "http://lai28.988456.xyz/img/cover.png",
    "tabs": [
        {
            "tabname": "详情",
            "views": [
                {
                    "class": "DepictionMarkdownView",
                    "markdown": "仅供学习交流，请在24内小时内自觉删除"
                },
                {
                    "class": "DepictionScreenshotsView",
                    "itemCornerRadius": 14,
                    "itemSize": "{300,300}",
                    "screenshots": [
                        {
                            "url": "http://lai28.988456.xyz/depictions/native/com.huami.dyyy/screenshots/screenshot_67db0ddd12e85.png",
                            "accessibilityText": "CEE22E1A-9807-41B7-8854-B81AF017AAE6"
                        }
                    ]
                },
                {
                    "spacing": 0,
                    "class": "DepictionSpacerView"
                },
                {
                    "class": "DepictionSeparatorView"
                },
                {
                    "title": "版本",
                    "text": "2.1-7",
                    "class": "DepictionTableTextView"
                },
                {
                    "title": "兼容性",
                    "text": "IOS",
                    "class": "DepictionTableTextView"
                },
                {
                    "title": "开发者",
                    "text": "huami",
                    "class": "DepictionTableTextView"
                },
                {
                    "title": "更新时间",
                    "text": "2025/03/21",
                    "class": "DepictionTableTextView"
                },
                {
                    "title": "文件大小",
                    "text": "104.76 KB",
                    "class": "DepictionTableTextView"
                },
                {
                    "text": "点击加入QQ群聊",
                    "action": "http://qm.qq.com/cgi-bin/qm/qr?_wv=1027&k=Sg18HyL3SI8izCTwOAw6EYIvMTD6gSea&authKey=Iw%2F6fTq7vGRHUU3LTObwGMeGSVyE0TfvA6lWaGmFPUcmGi%2F7vVarn5SuDrM5Zbog&noverify=0&group_code=630615416",
                    "class": "DepictionButtonView"
                },
                {
                    "spacing": 0,
                    "class": "DepictionSpacerView"
                },
                {
                    "spacing": 0,
                    "class": "DepictionSpacerView"
                }
            ],
            "class": "DepictionStackView"
        },
        {
            "tabname": "更新",
            "views": [
                {
                    "title": "2.1-7",
                    "useBoldText": true,
                    "useSpacing": false,
                    "useBottomMargin": false,
                    "class": "DepictionSubheaderView"
                },
                {
                    "markdown": "- 修复隐藏去汽水听遗留的空白\n- 新增实况照片单独、全部下载\n- 优化GIF表情包单帧处理异常",
                    "useSpacing": false,
                    "useBottomMargin": false,
                    "class": "DepictionMarkdownView"
                },
                {
                    "title": "2.1-6",
                    "useBoldText": true,
                    "useSpacing": false,
                    "useBottomMargin": false,
                    "class": "DepictionSubheaderView"
                },
                {
                    "markdown": "- 新增评论区文案复制，可直接复制内容\n- 新增移除顶栏朋友\n- 新增移除消息页顶部联系人列表\n- 优化GIF动图支持，直接为GIF\n- 优化视频进度条时间显示\n- 优化屏蔽广告逻辑\n- 修复隐藏左侧栏影响到其他按钮\n- 修复部分设备替换图标显示异常\n- 重新加入自动播放逻辑\n- 优化媒体处理等若干逻辑",
                    "useSpacing": false,
                    "useBottomMargin": false,
                    "class": "DepictionMarkdownView"
                },
                {
                    "title": "2.1-5",
                    "useBoldText": true,
                    "useSpacing": false,
                    "useBottomMargin": false,
                    "class": "DepictionSubheaderView"
                },
                {
                    "markdown": "- 新增双击打开评论区\n- 新增GIF动图支持\n- 新增视频进度条时间显示\n- 新增去广告功能\n- 新增隐藏关注页xx直播\n- 感谢 Huangbai233 提供代码贡献\n- 新增隐藏聊天页头像列表\n- 新增隐藏首页左侧栏\n- 优化顶栏移除方案 支持长按调整排序\n- 感谢 Wuang ོ 提供代码参考",
                    "useSpacing": false,
                    "useBottomMargin": false,
                    "class": "DepictionMarkdownView"
                },
                {
                    "title": "2.1-4",
                    "useBoldText": true,
                    "useSpacing": false,
                    "useBottomMargin": false,
                    "class": "DepictionSubheaderView"
                },
                {
                    "markdown": "- 新增评论区表情包下载\n- 使用官方下载按钮与自定义实现\n- 感谢 Wuang ོ 提供代码参考\n- 新增评论区图片无水印下载",
                    "useSpacing": false,
                    "useBottomMargin": false,
                    "class": "DepictionMarkdownView"
                },
                {
                    "title": "2.0-9",
                    "useBoldText": true,
                    "useSpacing": false,
                    "useBottomMargin": false,
                    "class": "DepictionSubheaderView"
                },
                {
                    "markdown": "- 合并 #17 的PR (优化属地的判断逻辑)\n- 修复图文的文案错误的显示(直播我未能复现)\n- 评论区毛玻璃根据亮/暗背景处理显示效果\n- 开启全屏后默认隐藏评论区输入框\n- 移除不必要的冗余代码",
                    "useSpacing": false,
                    "useBottomMargin": false,
                    "class": "DepictionMarkdownView"
                },
                {
                    "title": "2.0-8",
                    "useBoldText": true,
                    "useSpacing": false,
                    "useBottomMargin": false,
                    "class": "DepictionSubheaderView"
                },
                {
                    "markdown": "- 修复横屏视频拉伸问题\n- 修复属地冲突问题\n- 修复全屏拉伸问题\n- 修复日间模式毛玻璃问题\n- 修复非首页文案上移问题\n- 新增 \"评论区毛玻璃\"为评论区添加模糊和半透明效果\n- 新增隐藏视频定位功能\n- 新增隐藏首页右上角搜索按钮功能\n- 新增隐藏 \"我的\" 页面下方作品页面功能，来自 wwg135 的 PR 贡献\n- 修复归属地冲突问题\n- 优化全屏显示逻辑，隐藏不必要的黑色背景视图\n- 重写并优化全屏逻辑，避免错误的下移问题\n- 优化UI显示的逻辑，确保iPad正常显示设置",
                    "useSpacing": false,
                    "useBottomMargin": false,
                    "class": "DepictionMarkdownView"
                },
                {
                    "title": "2.0-6",
                    "useBoldText": true,
                    "useSpacing": false,
                    "useBottomMargin": false,
                    "class": "DepictionSubheaderView"
                },
                {
                    "markdown": "- 调整全屏逻辑，修复在非首页高度计算问题\n- 将\"启用跳过直播\"调整为\"启用过滤直播\"\n- 移除全屏播放时进度条黑线\n- 为长按倍速时加入背景透明处理",
                    "useSpacing": false,
                    "useBottomMargin": false,
                    "class": "DepictionMarkdownView"
                },
                {
                    "title": "2.0-5",
                    "useBoldText": true,
                    "useSpacing": false,
                    "useBottomMargin": false,
                    "class": "DepictionSubheaderView"
                },
                {
                    "markdown": "- 开启后需重新打开一次\n- 已知问题: 主页视频/搜索 文案会被上移\n- 优化UI\n- 引入毛玻璃效果\n- 采用模态显示(仅iOS15+)",
                    "useSpacing": false,
                    "useBottomMargin": false,
                    "class": "DepictionMarkdownView"
                },
                {
                    "title": "2.0-4",
                    "useBoldText": true,
                    "useSpacing": false,
                    "useBottomMargin": false,
                    "class": "DepictionSubheaderView"
                },
                {
                    "markdown": "- 新增自动跳过直播功能",
                    "useSpacing": false,
                    "useBottomMargin": false,
                    "class": "DepictionMarkdownView"
                },
                {
                    "title": "2.0-3",
                    "useBoldText": true,
                    "useSpacing": false,
                    "useBottomMargin": false,
                    "class": "DepictionSubheaderView"
                },
                {
                    "markdown": "- 优化归属地",
                    "useSpacing": false,
                    "useBottomMargin": false,
                    "class": "DepictionMarkdownView"
                },
                {
                    "title": "1.9-9+1",
                    "useBoldText": true,
                    "useSpacing": false,
                    "useBottomMargin": false,
                    "class": "DepictionSubheaderView"
                },
                {
                    "markdown": "- 优化代码",
                    "useSpacing": false,
                    "useBottomMargin": false,
                    "class": "DepictionMarkdownView"
                },
                {
                    "title": "1.9-9",
                    "useBoldText": true,
                    "useSpacing": false,
                    "useBottomMargin": false,
                    "class": "DepictionSubheaderView"
                },
                {
                    "markdown": "- 新增移除顶栏",
                    "useSpacing": false,
                    "useBottomMargin": false,
                    "class": "DepictionMarkdownView"
                },
                {
                    "title": "1.8.1",
                    "useBoldText": true,
                    "useSpacing": false,
                    "useBottomMargin": false,
                    "class": "DepictionSubheaderView"
                },
                {
                    "markdown": "- 修了一下未开启深色模式时，图标消失的问题，可选择更新",
                    "useSpacing": false,
                    "useBottomMargin": false,
                    "class": "DepictionMarkdownView"
                },
                {
                    "title": "1.8",
                    "useBoldText": true,
                    "useSpacing": false,
                    "useBottomMargin": false,
                    "class": "DepictionSubheaderView"
                },
                {
                    "markdown": "- 完善评论区深色模式",
                    "useSpacing": false,
                    "useBottomMargin": false,
                    "class": "DepictionMarkdownView"
                },
                {
                    "title": "1.7",
                    "useBoldText": true,
                    "useSpacing": false,
                    "useBottomMargin": false,
                    "class": "DepictionSubheaderView"
                },
                {
                    "markdown": "- 修复因新版本导致侧边倍速播放失效\n- 新增评论区键盘切换深色模式（在设置）\n- 为新版本抖音的弹幕热更新适配改色功能",
                    "useSpacing": false,
                    "useBottomMargin": false,
                    "class": "DepictionMarkdownView"
                },
                {
                    "title": "1.6",
                    "useBoldText": true,
                    "useSpacing": false,
                    "useBottomMargin": false,
                    "class": "DepictionSubheaderView"
                },
                {
                    "markdown": "- 新增默认倍速播放功能\n- 完全重构了UI (之前一坨屎\n- 修改打开设置方式为双指长按\n- 让#random也支持随机颜色",
                    "useSpacing": false,
                    "useBottomMargin": false,
                    "class": "DepictionMarkdownView"
                },
                {
                    "spacing": 20,
                    "class": "DepictionSpacerView"
                }
            ],
            "class": "DepictionStackView"
        },
        {
            "tabname": "公告",
            "views": [
                {
                    "class": "DepictionMarkdownView",
                    "markdown": "- 源内插件仅供个人学习研究\n- 严禁用于任何商业利益或其它非法活动\n- 因使用不当而造成一切后果或任何法律纠纷均由个人承担\n- 请于24小时内自行删除"
                }
            ],
            "class": "DepictionStackView"
        }
    ],
    "class": "DepictionTabView"
}