      {
        "minVersion": "0.1",
        "headerImage": "http://lai28.988456.xyz/img/cover.png",
        "tabs": [
          {
            "tabname": "详情",
            "views": [
              {
                "class": "DepictionMarkdownView",
                "markdown": "激活码用户或需要激活码的用户安装这个，非激活码用户不要安装！！Do not install if you do not have an activation code!!! Extend your keyboard to be more POWERFULL!"
              },
              {
                "spacing": 15,
                "class": "DepictionSpacerView"
              },
              {
                "class": "DepictionSeparatorView"
              },
              {
                "title": "版本",
                "text": "3.4.9+3",
                "class": "DepictionTableTextView"
              },
              {
                "title": "兼容性",
                "text": "IOS",
                "class": "DepictionTableTextView"
              },
              {
                "title": "开发者",
                "text": "SquidForce, Backup",
                "class": "DepictionTableTextView"
              },
              {
                "title": "更新时间",
                "text": "2024/12/14",
                "class": "DepictionTableTextView"
              },
              {
                "text": "点击加入QQ群聊",
                "action": "http://qm.qq.com/cgi-bin/qm/qr?_wv=1027&k=Sg18HyL3SI8izCTwOAw6EYIvMTD6gSea&authKey=Iw%2F6fTq7vGRHUU3LTObwGMeGSVyE0TfvA6lWaGmFPUcmGi%2F7vVarn5SuDrM5Zbog&noverify=0&group_code=630615416",
                "class": "DepictionButtonView"
              },
              {
                "spacing": 0,
                "class": "DepictionSpacerView"
              },
              {
                "spacing": 0,
                "class": "DepictionSpacerView"
              }
            ],
            "class": "DepictionStackView"
          },
          {
            "tabname": "更新",
            "views": [
      {
        "title": "3.4.9+3",
        "useBoldText": true,
        "useSpacing": false,
        "useBottomMargin": false,
        "class": "DepictionSubheaderView"
      },
      {
        "markdown": "- 增强：字典增加function类型。可选项\n- 修复：不同脚本间二级菜单错乱",
        "useSpacing": false,
        "useBottomMargin": false,
        "class": "DepictionMarkdownView"
      }, 
      {
        "title": "3.4.9+2",
        "useBoldText": true,
        "useSpacing": false,
        "useBottomMargin": false,
        "class": "DepictionSubheaderView"
      },
      {
        "markdown": "- 增强：脚本支持二级菜单(理论上不限级数，未测试多级)，通过返回类型为js的字典实现，即如果想弹二级菜单，js字典的子脚本执行后需返回一个数组。",
        "useSpacing": false,
        "useBottomMargin": false,
        "class": "DepictionMarkdownView"
      }, 
              {
                "title": "3.4.9",
                "useBoldText": true,
                "useSpacing": false,
                "useBottomMargin": false,
                "class": "DepictionSubheaderView"
              },
              {
                "markdown": "- 增强：扩展脚本能力，包括打开应用，打开链接(比如url scheme)，联网请求，读写剪贴板，base64编解码，md5编码，查看脚本运行日志等。详见编辑脚本处说明。\n-  增加：切换表情键盘动作\n-  修复：在浏览器中部分特殊情况下，不显示按钮\n-  优化：编辑脚本处的测试文本可保存\n-  优化(测试)：腾讯系列app中粘贴图片\n-  优化(测试)：修改GPT/翻译/脚本等即时生效，增删按钮等与界面显示相关设置仍需要划掉应用后台(除了在“设置”中，所有修改都是即时生效)\n-  其他一些优化",
                "useSpacing": false,
                "useBottomMargin": false,
                "class": "DepictionMarkdownView"
              },
              {
                "spacing": 20,
                "class": "DepictionSpacerView"
              }
            ],
            "class": "DepictionStackView"
          },
          {
            "tabname": "公告",
            "views": [
              {
                "class": "DepictionMarkdownView",
                "markdown": "- 源内插件仅供个人学习研究\n- 严禁用于任何商业利益或其它非法活动\n- 因使用不当而造成一切后果或任何法律纠纷均由个人承担\n- 请于24小时内自行删除"
              }
            ],
            "class": "DepictionStackView"
          }
        ],
        "class": "DepictionTabView"
      }
