      {
        "minVersion": "0.1",
        "headerImage": "http://lai28.988456.xyz/img/cover.png",
        "tabs": [
          {
            "tabname": "详情",
            "views": [
              {
                "class": "DepictionMarkdownView",
                "markdown": "微信我的页面信息中心，仅支持8.0.31及以上版本"
              },
              {
                "spacing": 15,
                "class": "DepictionSpacerView"
              },
              {
                "class": "DepictionSeparatorView"
              },
              {
                "title": "版本",
                "text": "1.1-8",
                "class": "DepictionTableTextView"
              },
              {
                "title": "兼容性",
                "text": "IOS",
                "class": "DepictionTableTextView"
              },
              {
                "title": "开发者",
                "text": "Netskao",
                "class": "DepictionTableTextView"
              },
              {
                "title": "更新时间",
                "text": "2024/12/20",
                "class": "DepictionTableTextView"
              },
              {
                "text": "点击加入QQ群聊",
                "action": "http://qm.qq.com/cgi-bin/qm/qr?_wv=1027&k=Sg18HyL3SI8izCTwOAw6EYIvMTD6gSea&authKey=Iw%2F6fTq7vGRHUU3LTObwGMeGSVyE0TfvA6lWaGmFPUcmGi%2F7vVarn5SuDrM5Zbog&noverify=0&group_code=630615416",
                "class": "DepictionButtonView"
              },
              {
                "spacing": 0,
                "class": "DepictionSpacerView"
              },
              {
                "spacing": 0,
                "class": "DepictionSpacerView"
              }
            ],
            "class": "DepictionStackView"
          },
          {
            "tabname": "更新",
            "views": [
      {
        "title": "1.1-8",
        "useBoldText": true,
        "useSpacing": false,
        "useBottomMargin": false,
        "class": "DepictionSubheaderView"
      },
      {
        "markdown": "- 支持点击昵称自定义昵称文本内容, 支持换行",
        "useSpacing": false,
        "useBottomMargin": false,
        "class": "DepictionMarkdownView"
      }, 
      {
        "title": "1.1-7",
        "useBoldText": true,
        "useSpacing": false,
        "useBottomMargin": false,
        "class": "DepictionSubheaderView"
      },
      {
        "markdown": "- 间距微调",
        "useSpacing": false,
        "useBottomMargin": false,
        "class": "DepictionMarkdownView"
      }, 
      {
        "title": "1.1-6",
        "useBoldText": true,
        "useSpacing": false,
        "useBottomMargin": false,
        "class": "DepictionSubheaderView"
      },
      {
        "markdown": "- 向下兼容更多版本",
        "useSpacing": false,
        "useBottomMargin": false,
        "class": "DepictionMarkdownView"
      }, 
      {
        "title": "1.1-5",
        "useBoldText": true,
        "useSpacing": false,
        "useBottomMargin": false,
        "class": "DepictionSubheaderView"
      },
      {
        "markdown": "- 1.1-3: 优化了去掉了箭头和二维码 修复了如果设置了状态顶部空白一截的问题\n- 1.1-4: 支持点击微信号自定义文本内容\n- 1.1-5: 修改标题为中文, 限制自定义微信文本不能为1到5个单空格(以防无法再次点击修改)",
        "useSpacing": false,
        "useBottomMargin": false,
        "class": "DepictionMarkdownView"
      }, 
              {
                "title": "1.1-2",
                "useBoldText": true,
                "useSpacing": false,
                "useBottomMargin": false,
                "class": "DepictionSubheaderView"
              },
              {
                "markdown": "- 初始版本",
                "useSpacing": false,
                "useBottomMargin": false,
                "class": "DepictionMarkdownView"
              },
              {
                "spacing": 20,
                "class": "DepictionSpacerView"
              }
            ],
            "class": "DepictionStackView"
          },
          {
            "tabname": "公告",
            "views": [
              {
                "class": "DepictionMarkdownView",
                "markdown": "- 源内插件仅供个人学习研究\n- 严禁用于任何商业利益或其它非法活动\n- 因使用不当而造成一切后果或任何法律纠纷均由个人承担\n- 请于24小时内自行删除"
              }
            ],
            "class": "DepictionStackView"
          }
        ],
        "class": "DepictionTabView"
      }
