{
    "minVersion": "0.1",
    "headerImage": "http://lai28.988456.xyz/img/cover.png",
    "tabs": [
        {
            "tabname": "详情",
            "views": [
                {
                    "class": "DepictionMarkdownView",
                    "markdown": "WeChat enhancement, used to optimize some anti human designs and enhance functionality"
                },
                {
                    "spacing": 0,
                    "class": "DepictionSpacerView"
                },
                {
                    "class": "DepictionSeparatorView"
                },
                {
                    "title": "版本",
                    "text": "1.0-7",
                    "class": "DepictionTableTextView"
                },
                {
                    "title": "兼容性",
                    "text": "IOS",
                    "class": "DepictionTableTextView"
                },
                {
                    "title": "开发者",
                    "text": "huami&Lxcloud",
                    "class": "DepictionTableTextView"
                },
                {
                    "title": "更新时间",
                    "text": "2025/03/20",
                    "class": "DepictionTableTextView"
                },
                {
                    "title": "文件大小",
                    "text": "80.13 KB",
                    "class": "DepictionTableTextView"
                },
                {
                    "text": "点击加入QQ群聊",
                    "action": "http://qm.qq.com/cgi-bin/qm/qr?_wv=1027&k=Sg18HyL3SI8izCTwOAw6EYIvMTD6gSea&authKey=Iw%2F6fTq7vGRHUU3LTObwGMeGSVyE0TfvA6lWaGmFPUcmGi%2F7vVarn5SuDrM5Zbog&noverify=0&group_code=630615416",
                    "class": "DepictionButtonView"
                },
                {
                    "spacing": 0,
                    "class": "DepictionSpacerView"
                },
                {
                    "spacing": 0,
                    "class": "DepictionSpacerView"
                }
            ],
            "class": "DepictionStackView"
        },
        {
            "tabname": "更新",
            "views": [
                {
                    "title": "1.0-7",
                    "useBoldText": true,
                    "useSpacing": false,
                    "useBottomMargin": false,
                    "class": "DepictionSubheaderView"
                },
                {
                    "markdown": "- 1. 新增头像边框\n- 在启用头像圆角后可选择开启边框\n- 边框效果默认为1.5px浅灰色\n- 后续有空了添加自定义\n- 2. 新增禁用微信热更新\n- 启用后需重启微信生效\n- 可以“修复”部分插件因热更新导致的闪退",
                    "useSpacing": false,
                    "useBottomMargin": false,
                    "class": "DepictionMarkdownView"
                },
                {
                    "title": "1.0-6",
                    "useBoldText": true,
                    "useSpacing": false,
                    "useBottomMargin": false,
                    "class": "DepictionSubheaderView"
                },
                {
                    "markdown": "- 新增表情包圆角设置\n- 修复了部分已知问",
                    "useSpacing": false,
                    "useBottomMargin": false,
                    "class": "DepictionMarkdownView"
                },
                {
                    "title": "1.0-5",
                    "useBoldText": true,
                    "useSpacing": false,
                    "useBottomMargin": false,
                    "class": "DepictionSubheaderView"
                },
                {
                    "markdown": "- 新增长按菜单栏样式自定义功能\n- 支持圆角设置\n- 支持边框效果\n- 支持阴影效果\n- 支持浅色/深色模式颜色配置\n- 优化了企业群聊图标隐藏的实现方式\n- 改进了设置界面的布局和交互体验\n- 重构了人数隐藏逻辑\n- 增强了稳定性和性能\n- 解决了设置界面偶尔崩溃的问题\n- 修复了导致部分用户顶栏元素错位\n- 修复了与其他插件顶栏的兼容性问题\n- 更新了部分界面文字描述\n- 优化了代码结构\n- 提升了整体运行效率\n- 圆角调整 参考值",
                    "useSpacing": false,
                    "useBottomMargin": false,
                    "class": "DepictionMarkdownView"
                },
                {
                    "title": "1.0-4",
                    "useBoldText": true,
                    "useSpacing": false,
                    "useBottomMargin": false,
                    "class": "DepictionSubheaderView"
                },
                {
                    "markdown": "- 新增隐藏企业群聊图标功能\n- 修复群聊状态显示错位问题\n- 修复设置个人状态后错位问题\n- 修复部分用户闪退问题\n- 优化群聊标题布局\n- 重构隐藏群聊人数逻辑",
                    "useSpacing": false,
                    "useBottomMargin": false,
                    "class": "DepictionMarkdownView"
                },
                {
                    "title": "1.0-3",
                    "useBoldText": true,
                    "useSpacing": false,
                    "useBottomMargin": false,
                    "class": "DepictionSubheaderView"
                },
                {
                    "markdown": "- 新增群聊人数隐藏功能\n- 细化头像隐藏选项(现可分别设置群聊/私聊的头像显示)\n- 新增头像圆角缓存机制\n- 添加内存警告时的缓存清理\n- 优化代码结构，提升运行效率\n- 修复部分设置项保存失效的问题\n- 修复某些场景下头像显示异常\n- 修复文字替换功能的稳定性",
                    "useSpacing": false,
                    "useBottomMargin": false,
                    "class": "DepictionMarkdownView"
                },
                {
                    "spacing": 20,
                    "class": "DepictionSpacerView"
                }
            ],
            "class": "DepictionStackView"
        },
        {
            "tabname": "公告",
            "views": [
                {
                    "class": "DepictionMarkdownView",
                    "markdown": "- 源内插件仅供个人学习研究\n- 严禁用于任何商业利益或其它非法活动\n- 因使用不当而造成一切后果或任何法律纠纷均由个人承担\n- 请于24小时内自行删除"
                }
            ],
            "class": "DepictionStackView"
        }
    ],
    "class": "DepictionTabView"
}