      {
        "minVersion": "0.1",
        "headerImage": "http://lai28.988456.xyz/img/cover.png",
        "tabs": [
          {
            "tabname": "详情",
            "views": [
              {
                "class": "DepictionMarkdownView",
                "markdown": "以弹窗方式来回复信息"
              },
              {
                "spacing": 0,
                "class": "DepictionSpacerView"
              },
              {
                "class": "DepictionSeparatorView"
              },
              {
                "title": "版本",
                "text": "2.0.0",
                "class": "DepictionTableTextView"
              },
              {
                "title": "兼容性",
                "text": "IOS",
                "class": "DepictionTableTextView"
              },
              {
                "title": "开发者",
                "text": "sergy",
                "class": "DepictionTableTextView"
              },
              {
                "title": "更新时间",
                "text": "2024/12/12",
                "class": "DepictionTableTextView"
              },
              {
                "text": "点击加入QQ群聊",
                "action": "http://qm.qq.com/cgi-bin/qm/qr?_wv=1027&k=Sg18HyL3SI8izCTwOAw6EYIvMTD6gSea&authKey=Iw%2F6fTq7vGRHUU3LTObwGMeGSVyE0TfvA6lWaGmFPUcmGi%2F7vVarn5SuDrM5Zbog&noverify=0&group_code=630615416",
                "class": "DepictionButtonView"
              },
              {
                "spacing": 0,
                "class": "DepictionSpacerView"
              },
              {
                "spacing": 0,
                "class": "DepictionSpacerView"
              }
            ],
            "class": "DepictionStackView"
          },
          {
            "tabname": "更新",
            "views": [
      {
        "title": "2.0.0",
        "useBoldText": true,
        "useSpacing": false,
        "useBottomMargin": false,
        "class": "DepictionSubheaderView"
      },
      {
        "markdown": "- 在此版本中，当通知中心/锁屏可见时，模式预览将不再自动显示。这是为了阻止恼人的错误，即即使您将其关闭，预览也会继续显示。\n- 展开锁屏上的通知将允许您打开模式预览。\n- 修复了调整冲突（Dayn，歌词）\n- 修复了从搜索中选择联系人时，快速撰写上的联系人选择不会被忽略的错误\n- 新功能：\n- 自定义横幅设计-与您选择的主题相匹配的自定义横幅设计\n- 横幅模式-启用此模式不会自动显示模式预览，只会显示横幅；展开横幅将打开模态预览\n- 隐私模式-启用此模式需要您进行身份验证（当设备锁定时），然后才能打开模式预览。\n- 偏执模式-类似于隐私模式，但使用类固醇。这将始终要求您在显示模式预览之前进行身份验证。总是。\n- 添加了一个选项，用于禁用所选应用程序的调整\n- 群发消息-当您在预览可见时收到新消息（来自同一个人）时，该特定新消息将自动附加到预览上（提示：预览上的消息文本是可滚动的）\n- 在Quick Compose中添加了一个新选项；长按人物图标现在可以让您从最近的对话列表中进行选择\n- 我重新设计了日程日期和时间选择器\n- 打开Quick Compose的9个可定制选项\n- 音量下降+音量上升\n- 加油\n- 向下翻\n- 状态栏点击\n- 状态栏双击\n- 状态栏保持\n- 状态栏向左滑动\n- 状态栏轻扫\n- 摇动装置",
        "useSpacing": false,
        "useBottomMargin": false,
        "class": "DepictionMarkdownView"
      }, 
              {
                "title": "1.0.3",
                "useBoldText": true,
                "useSpacing": false,
                "useBottomMargin": false,
                "class": "DepictionSubheaderView"
              },
              {
                "markdown": "- ",
                "useSpacing": false,
                "useBottomMargin": false,
                "class": "DepictionMarkdownView"
              },
              {
                "spacing": 20,
                "class": "DepictionSpacerView"
              }
            ],
            "class": "DepictionStackView"
          },
          {
            "tabname": "公告",
            "views": [
              {
                "class": "DepictionMarkdownView",
                "markdown": "- 源内插件仅供个人学习研究\n- 严禁用于任何商业利益或其它非法活动\n- 因使用不当而造成一切后果或任何法律纠纷均由个人承担\n- 请于24小时内自行删除"
              }
            ],
            "class": "DepictionStackView"
          }
        ],
        "class": "DepictionTabView"
      }
