{
  "minVersion": "0.1",
  "headerImage": "http://lai28.988456.xyz/img/cover.png",
  "tabs": [
    {
      "tabname": "详情",
      "views": [
        {
          "class": "DepictionMarkdownView",
          "markdown": "可将应用置于前台，达到真后台效果；应用图标长按菜单开启或关闭"
        },
        {
          "spacing": 0,
          "class": "DepictionSpacerView"
        },
        {
          "class": "DepictionSeparatorView"
        },
        {
          "title": "版本",
          "text": "2.0.0-1",
          "class": "DepictionTableTextView"
        },
        {
          "title": "兼容性",
          "text": "IOS",
          "class": "DepictionTableTextView"
        },
        {
          "title": "开发者",
          "text": "sergy",
          "class": "DepictionTableTextView"
        },
        {
          "title": "更新时间",
          "text": "2024/11/13",
          "class": "DepictionTableTextView"
        },
              {
                "text": "点击加入QQ群聊",
                "action": "http://qm.qq.com/cgi-bin/qm/qr?_wv=1027&k=Sg18HyL3SI8izCTwOAw6EYIvMTD6gSea&authKey=Iw%2F6fTq7vGRHUU3LTObwGMeGSVyE0TfvA6lWaGmFPUcmGi%2F7vVarn5SuDrM5Zbog&noverify=0&group_code=630615416",
                "class": "DepictionButtonView"
              },
        {
          "spacing": 0,
          "class": "DepictionSpacerView"
        },
        {
          "spacing": 0,
          "class": "DepictionSpacerView"
        }
      ],
      "class": "DepictionStackView"
    },
    {
      "tabname": "更新",
      "views": [
        {
          "title": "2.0.0-1",
          "useBoldText": true,
          "useSpacing": false,
          "useBottomMargin": false,
          "class": "DepictionSubheaderView"
        },
        {
          "markdown": "- 修正了一个 Bug，该 Bug 与某些挂钩通知（Glance）的调整程序相冲突\n- 修正了一个 CC 模块的禁用按钮没有响应的错误\n- 修正了一个导致某些应用程序崩溃/冻结的错误\n- 修正了一个键盘无法工作的错误\n- 更好地优化前景\n- 优化了吐司动画\n- 为快速操作添加了 CC 支持\n- 添加了在应用程序切换器中锁定应用程序的选项\n- 添加了在 SpringBoard 和应用程序切换器上同时显示锁定指示灯的选项",
          "useSpacing": false,
          "useBottomMargin": false,
          "class": "DepictionMarkdownView"
        }, 
        {
          "title": "1.0.1",
          "useBoldText": true,
          "useSpacing": false,
          "useBottomMargin": false,
          "class": "DepictionSubheaderView"
        },
        {
          "markdown": "- 修正了一个错误，该错误导致旋转在应用上不起作用\n- 改进了安全检查\n- 新增rootful支持",
          "useSpacing": false,
          "useBottomMargin": false,
          "class": "DepictionMarkdownView"
        }, 
        {
          "title": "1.0",
          "useBoldText": true,
          "useSpacing": false,
          "useBottomMargin": false,
          "class": "DepictionSubheaderView"
        },
        {
          "markdown": "- 初始版",
          "useSpacing": false,
          "useBottomMargin": false,
          "class": "DepictionMarkdownView"
        },
        {
          "spacing": 20,
          "class": "DepictionSpacerView"
        }
      ],
      "class": "DepictionStackView"
    },
    {
      "tabname": "公告",
      "views": [
        {
          "class": "DepictionMarkdownView",
          "markdown": "- 源内插件仅供个人学习研究\n- 严禁用于任何商业利益或其它非法活动\n- 因使用不当而造成一切后果或任何法律纠纷均由个人承担\n- 请于24小时内自行删除"
        }
      ],
      "class": "DepictionStackView"
    }
  ],
  "class": "DepictionTabView"
}
