{
    "minVersion": "0.1",
    "headerImage": "http://lai28.988456.xyz/img/cover.png",
    "tabs": [
        {
            "tabname": "详情",
            "views": [
                {
                    "class": "DepictionMarkdownView",
                    "markdown": "APP设置界面右上角打开插件界面 或 双指长按设置界面 功能：默认移除一些广告 原生按钮无水印保存图片 视频 live图 评论区图片·live图 长按文案复制"
                },
                {
                    "spacing": 0,
                    "class": "DepictionSpacerView"
                },
                {
                    "class": "DepictionSeparatorView"
                },
                {
                    "title": "版本",
                    "text": "1.1.5-1",
                    "class": "DepictionTableTextView"
                },
                {
                    "title": "兼容性",
                    "text": "IOS",
                    "class": "DepictionTableTextView"
                },
                {
                    "title": "开发者",
                    "text": " x✨",
                    "class": "DepictionTableTextView"
                },
                {
                    "title": "更新时间",
                    "text": "2025/01/20",
                    "class": "DepictionTableTextView"
                },
                {
                    "text": "点击加入QQ群聊",
                    "action": "http://qm.qq.com/cgi-bin/qm/qr?_wv=1027&k=Sg18HyL3SI8izCTwOAw6EYIvMTD6gSea&authKey=Iw%2F6fTq7vGRHUU3LTObwGMeGSVyE0TfvA6lWaGmFPUcmGi%2F7vVarn5SuDrM5Zbog&noverify=0&group_code=630615416",
                    "class": "DepictionButtonView"
                },
                {
                    "spacing": 0,
                    "class": "DepictionSpacerView"
                },
                {
                    "spacing": 0,
                    "class": "DepictionSpacerView"
                }
            ],
            "class": "DepictionStackView"
        },
        {
            "tabname": "更新",
            "views": [
                {
                    "title": "1.1.5-1",
                    "useBoldText": true,
                    "useSpacing": false,
                    "useBottomMargin": false,
                    "class": "DepictionSubheaderView"
                },
                {
                    "markdown": "- 优化移除广告逻辑\n- 修复热门界面无法下载视频问题\n- 新增移除板块出现直播\n- 新增评论区翻译（自备百度翻译）\n- 新增移除视频页点赞\n- 新增移除视屏页评论\n- 新增移除视屏页推荐\n- 新增移除视屏页分享",
                    "useSpacing": false,
                    "useBottomMargin": false,
                    "class": "DepictionMarkdownView"
                },
                {
                    "title": "1.1.2",
                    "useBoldText": true,
                    "useSpacing": false,
                    "useBottomMargin": false,
                    "class": "DepictionSubheaderView"
                },
                {
                    "markdown": "- 新增评论区动图保存\n- 修复一些问题\n- 优化一些细节",
                    "useSpacing": false,
                    "useBottomMargin": false,
                    "class": "DepictionMarkdownView"
                },
                {
                    "spacing": 20,
                    "class": "DepictionSpacerView"
                }
            ],
            "class": "DepictionStackView"
        },
        {
            "tabname": "公告",
            "views": [
                {
                    "class": "DepictionMarkdownView",
                    "markdown": "- 源内插件仅供个人学习研究\n- 严禁用于任何商业利益或其它非法活动\n- 因使用不当而造成一切后果或任何法律纠纷均由个人承担\n- 请于24小时内自行删除"
                }
            ],
            "class": "DepictionStackView"
        }
    ],
    "class": "DepictionTabView"
}