{
    "minVersion": "0.1",
    "headerImage": "http://lai28.988456.xyz/img/cover.png",
    "tabs": [
        {
            "tabname": "详情",
            "views": [
                {
                    "class": "DepictionMarkdownView",
                    "markdown": "配合楠总得debd插件使用，有需求的人自然会使用\r\n\r\n下载后自行去目录/var/mobile/Documents/debd.txt 复制脚本内容到乌贼的SE 键盘脚本功能上添加"
                },
                {
                    "spacing": 0,
                    "class": "DepictionSpacerView"
                },
                {
                    "class": "DepictionSeparatorView"
                },
                {
                    "title": "版本",
                    "text": "0.2",
                    "class": "DepictionTableTextView"
                },
                {
                    "title": "兼容性",
                    "text": "IOS",
                    "class": "DepictionTableTextView"
                },
                {
                    "title": "开发者",
                    "text": "剑来",
                    "class": "DepictionTableTextView"
                },
                {
                    "title": "更新时间",
                    "text": "2025-03-03",
                    "class": "DepictionTableTextView"
                },
                {
                    "text": "点击加入QQ群聊",
                    "action": "http://qm.qq.com/cgi-bin/qm/qr?_wv=1027&k=Sg18HyL3SI8izCTwOAw6EYIvMTD6gSea&authKey=Iw%2F6fTq7vGRHUU3LTObwGMeGSVyE0TfvA6lWaGmFPUcmGi%2F7vVarn5SuDrM5Zbog&noverify=0&group_code=630615416",
                    "class": "DepictionButtonView"
                },
                {
                    "spacing": 0,
                    "class": "DepictionSpacerView"
                },
                {
                    "spacing": 0,
                    "class": "DepictionSpacerView"
                }
            ],
            "class": "DepictionStackView"
        },
        {
            "tabname": "更新",
            "views": [
                {
                    "title": "0.2",
                    "useBoldText": true,
                    "useSpacing": false,
                    "useBottomMargin": false,
                    "class": "DepictionSubheaderView"
                },
                {
                    "markdown": "- 移除选择架构菜单选项，直接使用下载该deb包的全部架构文件命令\n- 需要下载单独架构的降级下载0.1版本使用",
                    "useSpacing": false,
                    "useBottomMargin": false,
                    "class": "DepictionMarkdownView"
                },
                {
                    "title": "0.1",
                    "useBoldText": true,
                    "useSpacing": false,
                    "useBottomMargin": false,
                    "class": "DepictionSubheaderView"
                },
                {
                    "markdown": "- 初始版",
                    "useSpacing": false,
                    "useBottomMargin": false,
                    "class": "DepictionMarkdownView"
                },
                {
                    "spacing": 20,
                    "class": "DepictionSpacerView"
                }
            ],
            "class": "DepictionStackView"
        },
        {
            "tabname": "公告",
            "views": [
                {
                    "class": "DepictionMarkdownView",
                    "markdown": "- 源内插件仅供个人学习研究\n- 严禁用于任何商业利益或其它非法活动\n- 因使用不当而造成一切后果或任何法律纠纷均由个人承担\n- 请于24小时内自行删除"
                }
            ],
            "class": "DepictionStackView"
        }
    ],
    "class": "DepictionTabView"
}