{
    "minVersion": "0.1",
    "headerImage": "http://lai28.988456.xyz/img/cover.png",
    "tabs": [
        {
            "tabname": "详情",
            "views": [
                {
                    "class": "DepictionMarkdownView",
                    "markdown": "群管理Pro、标签Pro、显示群友真名字、群管标识、艾特提醒、动态群昵称、自定义API(图、文本、视频)、消息统计、加密对话、Bark消息推送、定时问候、JD自动签到、好友分析、会话分析、每天60s新闻快报、防撤回、退群监控、步数定时修改、朋友圈特别关注、自动更新微信状态、长头像、消息二次确认、拍一拍二次确认、艾特列表置顶群管理、按群员查找列表置顶群管理、群性别统计、关键词自动回复、转账自动收款、收款自动回复、批量退群、批量修改群昵称、自动通过好友请求、自动互删好友、id加好友、匿名艾特、文字转语音等"
                },
                {
                    "spacing": 0,
                    "class": "DepictionSpacerView"
                },
                {
                    "class": "DepictionSeparatorView"
                },
                {
                    "title": "版本",
                    "text": "0.7-0",
                    "class": "DepictionTableTextView"
                },
                {
                    "title": "兼容性",
                    "text": "IOS",
                    "class": "DepictionTableTextView"
                },
                {
                    "title": "开发者",
                    "text": "Curtin",
                    "class": "DepictionTableTextView"
                },
                {
                    "title": "更新时间",
                    "text": "2025/03/22",
                    "class": "DepictionTableTextView"
                },
                {
                    "title": "文件大小",
                    "text": "915.49 KB",
                    "class": "DepictionTableTextView"
                },
                {
                    "text": "点击加入QQ群聊",
                    "action": "http://qm.qq.com/cgi-bin/qm/qr?_wv=1027&k=Sg18HyL3SI8izCTwOAw6EYIvMTD6gSea&authKey=Iw%2F6fTq7vGRHUU3LTObwGMeGSVyE0TfvA6lWaGmFPUcmGi%2F7vVarn5SuDrM5Zbog&noverify=0&group_code=630615416",
                    "class": "DepictionButtonView"
                },
                {
                    "spacing": 0,
                    "class": "DepictionSpacerView"
                }
            ],
            "class": "DepictionStackView"
        },
        {
            "tabname": "更新",
            "views": [
                {
                    "title": "0.7-0",
                    "useBoldText": true,
                    "useSpacing": false,
                    "useBottomMargin": false,
                    "class": "DepictionSubheaderView"
                },
                {
                    "markdown": "- 1.`抖音解析`新增功能，支持视频解析、自动回复\n- 2.`引用Pro`新增功能\n- 3.`自定义文视图Api`优化功能，增加抹除按钮、页面优化、动态参数识别优化兼容存在“空格”的参数\n- 4.`PKC指令`部分回复文本录入框，支持快速引用PKC指令，更便捷地配置规则\n- 5.`群管理Pro`群黑名单检测时间优化，改为秒踢黑名单\n- 6.`关键词回复`增加自动撤回\n- 7.`设置入口`修复最新官方版本在设置页面没入口问题",
                    "useSpacing": false,
                    "useBottomMargin": false,
                    "class": "DepictionMarkdownView"
                },
                {
                    "title": "0.6-9",
                    "useBoldText": true,
                    "useSpacing": false,
                    "useBottomMargin": false,
                    "class": "DepictionSubheaderView"
                },
                {
                    "markdown": "- 1.[转账回复]文本回复增加逐行回复模式；增加图片、视频回复模式；私聊模式增加不触发名单；增加自动打标签\n- 2.[关键词回复]文本回复增加逐行回复模式；增加图片、视频回复模式；私聊模式增加不触发名单；增加自动打标签；优化仅艾特回复\n- 3.[消息统计]-[词云分析]增加总开关(按需启用)、分析词去掉表情等特殊字符\n- 4.[文字转语音]音色来源增加本地导入音色文件（支持窗口长按导入音色文件ys.json），解决线上加载失败问题；FV音色增加可选择代理模式（如有自用搭建PKC代理需更新容器，更新命令：docker pull curtinlv/pkc-agent）\n- 5.[插件配置备份与恢复]增加PKC数据备份/还原（指好友分析、会话分析、Lastname、群管理Pro、音色文件、背景图、铃声等PKC插件相关数据，支持打包导入导出）\n- 6.[朋友圈增强]新增2个功能：摇一摇隐藏昵称和隐藏顶部头像昵称\n- 7.[群管理Pro]警告消息增加艾特提醒对方\n- 8.[加密对话]修复56没自动解密问题",
                    "useSpacing": false,
                    "useBottomMargin": false,
                    "class": "DepictionMarkdownView"
                },
                {
                    "title": "0.6-8",
                    "useBoldText": true,
                    "useSpacing": false,
                    "useBottomMargin": false,
                    "class": "DepictionSubheaderView"
                },
                {
                    "markdown": "- [消息统计]优化功能，兼容新版V、新增词云分析、红包金额统计、未发言统计等指令\n- [好友分析]新增重置数据按钮\n- 修复[个性化功能]-[签名复制]失效问题\n- 优化代码，解决一些问题",
                    "useSpacing": false,
                    "useBottomMargin": false,
                    "class": "DepictionMarkdownView"
                },
                {
                    "title": "0.6-7",
                    "useBoldText": true,
                    "useSpacing": false,
                    "useBottomMargin": false,
                    "class": "DepictionSubheaderView"
                },
                {
                    "markdown": "- 修复软件在8054一些问题，如群管理Pro二维码检测失效、文件警告失效、加密图转发失效、关键词回复聊天记录图失效等问题   \n- [朋友圈特别关注]支持Live实况转发到本人窗口    \n- [文转语]新增FV积分兑换字符按钮、查询剩余字符按钮   \n- [个性签名复制]优化，点击自己签名设置则不触发复制",
                    "useSpacing": false,
                    "useBottomMargin": false,
                    "class": "DepictionMarkdownView"
                },
                {
                    "title": "0.6.6",
                    "useBoldText": true,
                    "useSpacing": false,
                    "useBottomMargin": false,
                    "class": "DepictionSubheaderView"
                },
                {
                    "markdown": "- [文转语]新增FV音色自动签到，获取每日免费积分  \n- [文转语]修复启用背景音，但背景音为空时，导致闪退问题       \n- [个性化功能]新增透明气泡开关    \n- [个性化功能]新增一键拷贝个性签名功能     \n- 优化收款自动回复，回复模式增加选项【不回复】   \n- 修复8054消息推送、自动收款、群管理Pro功能失效问题   \n- 新增黑名单机制",
                    "useSpacing": false,
                    "useBottomMargin": false,
                    "class": "DepictionMarkdownView"
                },
                {
                    "title": "0.6-5",
                    "useBoldText": true,
                    "useSpacing": false,
                    "useBottomMargin": false,
                    "class": "DepictionSubheaderView"
                },
                {
                    "markdown": "- 优化群设置页面，默认折叠PKC功能\n- [文转语]背景音可长按音频文件直接导入\n- [文转语]语音转MP3兼容低版本V\n- [文转语]修复启用自动清理缓存，无法发送二次元音色Bug\n- [标签Pro]修复54版本标签在通讯录-服务号前错位显示问题",
                    "useSpacing": false,
                    "useBottomMargin": false,
                    "class": "DepictionMarkdownView"
                },
                {
                    "title": "0.6-4",
                    "useBoldText": true,
                    "useSpacing": false,
                    "useBottomMargin": false,
                    "class": "DepictionSubheaderView"
                },
                {
                    "markdown": "- [文转语]修复“随机”背景音闪退问题\n- [文转语]优化背景音导入按钮（部分设备没显示按钮）\n- [文转语]新增反向代理，支持填写代理地址，解决一些网站无法访问。快速部署反向代理：PKC反向代理项目 (https://github.com/curtinlv/pkc-agent.git) \n- [文转语]优化文字转语音Pro按钮\n- [文转语]增加FV音色情绪\n- [文转语]增加语音转MP3\n- [文转语]增加自动清理缓存\n- [文转语]增加快捷音色页面指令\n- [标签Pro]修复X轴范围填写问题",
                    "useSpacing": false,
                    "useBottomMargin": false,
                    "class": "DepictionMarkdownView"
                },
                {
                    "title": "0.6-3",
                    "useBoldText": true,
                    "useSpacing": false,
                    "useBottomMargin": false,
                    "class": "DepictionSubheaderView"
                },
                {
                    "markdown": "- 修复琅琅音色转换成功，发送失败问题\n- 修复背景音开启没设置背景音发送失败问题",
                    "useSpacing": false,
                    "useBottomMargin": false,
                    "class": "DepictionMarkdownView"
                },
                {
                    "title": "0.6-2",
                    "useBoldText": true,
                    "useSpacing": false,
                    "useBottomMargin": false,
                    "class": "DepictionSubheaderView"
                },
                {
                    "markdown": "- 默认模式，全改为本地转换，无需搭建服务器中转\n- 默认模式，支持自定义音色分类管理，可自行搭建管理后台维护音色，项目地址：https://github.com/curtinlv/pkc-ys.git\n- 默认模式，背景音可本地导入合成\n- 新增音色快捷指令，在音色列表左滑-指令，可针对某个音色定义触发命令\n- 优化转音Pro按钮，支持已添加到”快捷指令“的音色快捷发送\n- 修复已知问题",
                    "useSpacing": false,
                    "useBottomMargin": false,
                    "class": "DepictionMarkdownView"
                },
                {
                    "title": "0.6-1",
                    "useBoldText": true,
                    "useSpacing": false,
                    "useBottomMargin": false,
                    "class": "DepictionSubheaderView"
                },
                {
                    "markdown": "- 新增[文字转语音]功能\n- 优化[加密对话]增加密图发送-是否压缩开关，可适当减少空间占用\n- 优化[壁纸]功能\n- 修复[群管理Pro]-[群VIP管理]，邀请进群，自动给邀请者授权问题",
                    "useSpacing": false,
                    "useBottomMargin": false,
                    "class": "DepictionMarkdownView"
                },
                {
                    "spacing": 20,
                    "class": "DepictionSpacerView"
                }
            ],
            "class": "DepictionStackView"
        },
        {
            "tabname": "公告",
            "views": [
                {
                    "class": "DepictionMarkdownView",
                    "markdown": "- 源内插件仅供个人学习研究\n- 严禁用于任何商业利益或其它非法活动\n- 因使用不当而造成一切后果或任何法律纠纷均由个人承担\n- 请于24小时内自行删除"
                }
            ],
            "class": "DepictionStackView"
        }
    ],
    "class": "DepictionTabView"
}