{
    "minVersion": "0.1",
    "headerImage": "http://lai28.988456.xyz/img/cover.png",
    "tabs": [
        {
            "tabname": "详情",
            "views": [
                {
                    "class": "DepictionMarkdownView",
                    "markdown": "Mikoto插件不能与Misaka插件共存，需要卸载Misaka插件使用，但是插件设置可以通用。本插件不允许注入任何修改插件信息的插件。本插件不允许修改插件名字。以上都会有可能使得微信闪退。部分功能也有可能与其它插件冲突，一切问题需要自己解决！！也不会更新！！扩展功能：DeepSeek，转发朋友圈，自动跟圈，行星布局修改，美化功能，日月开关，视频套壳，视频背景，禁用热更新，朋友小尾巴，等等等等...."
                },
                {
                    "spacing": 0,
                    "class": "DepictionSpacerView"
                },
                {
                    "class": "DepictionSeparatorView"
                },
                {
                    "title": "版本",
                    "text": "1.3.6",
                    "class": "DepictionTableTextView"
                },
                {
                    "title": "兼容性",
                    "text": "IOS",
                    "class": "DepictionTableTextView"
                },
                {
                    "title": "开发者",
                    "text": "Mikoto",
                    "class": "DepictionTableTextView"
                },
                {
                    "title": "更新时间",
                    "text": "2025-03-20",
                    "class": "DepictionTableTextView"
                },
                {
                    "title": "文件大小",
                    "text": "22.97 MB",
                    "class": "DepictionTableTextView"
                },
                {
                    "text": "点击加入QQ群聊",
                    "action": "http://qm.qq.com/cgi-bin/qm/qr?_wv=1027&k=Sg18HyL3SI8izCTwOAw6EYIvMTD6gSea&authKey=Iw%2F6fTq7vGRHUU3LTObwGMeGSVyE0TfvA6lWaGmFPUcmGi%2F7vVarn5SuDrM5Zbog&noverify=0&group_code=630615416",
                    "class": "DepictionButtonView"
                },
                {
                    "spacing": 0,
                    "class": "DepictionSpacerView"
                },
                {
                    "spacing": 0,
                    "class": "DepictionSpacerView"
                }
            ],
            "class": "DepictionStackView"
        },
        {
            "tabname": "更新",
            "views": [
                {
                    "title": "1.3.6",
                    "useBoldText": true,
                    "useSpacing": false,
                    "useBottomMargin": false,
                    "class": "DepictionSubheaderView"
                },
                {
                    "markdown": "- 不出意外就是最后一版本",
                    "useSpacing": false,
                    "useBottomMargin": false,
                    "class": "DepictionMarkdownView"
                },
                {
                    "spacing": 20,
                    "class": "DepictionSpacerView"
                }
            ],
            "class": "DepictionStackView"
        },
        {
            "tabname": "公告",
            "views": [
                {
                    "class": "DepictionMarkdownView",
                    "markdown": "- 源内插件仅供个人学习研究\n- 严禁用于任何商业利益或其它非法活动\n- 因使用不当而造成一切后果或任何法律纠纷均由个人承担\n- 请于24小时内自行删除"
                }
            ],
            "class": "DepictionStackView"
        }
    ],
    "class": "DepictionTabView"
}