{
  "minVersion": "0.1",
  "headerImage": "http://lai28.988456.xyz/img/cover.png",
  "tabs": [
    {
      "tabname": "详情",
      "views": [
        {
          "class": "DepictionMarkdownView",
          "markdown": "抖音增强，首页双指双击弹出设置界面"
        },
        {
          "spacing": 0,
          "class": "DepictionSpacerView"
        },
        {
          "class": "DepictionSeparatorView"
        },
        {
          "title": "版本",
          "text": "2.0.8+5-2",
          "class": "DepictionTableTextView"
        },
        {
          "title": "兼容性",
          "text": "IOS",
          "class": "DepictionTableTextView"
        },
		{
          "title": "开发者",
          "text": " x✨",
          "class": "DepictionTableTextView"
        },
		{
          "title": "更新时间",
          "text": "2024/12/21",
          "class": "DepictionTableTextView"
        },
              {
                "text": "点击加入QQ群聊",
                "action": "http://qm.qq.com/cgi-bin/qm/qr?_wv=1027&k=Sg18HyL3SI8izCTwOAw6EYIvMTD6gSea&authKey=Iw%2F6fTq7vGRHUU3LTObwGMeGSVyE0TfvA6lWaGmFPUcmGi%2F7vVarn5SuDrM5Zbog&noverify=0&group_code=630615416",
                "class": "DepictionButtonView"
              },
        {
          "spacing": 0,
          "class": "DepictionSpacerView"
        },
        {
          "spacing": 0,
          "class": "DepictionSpacerView"
        }
      ],
      "class": "DepictionStackView"
    },
    {
      "tabname": "更新",
      "views": [
      {
        "title": "2.0.8+5-2",
        "useBoldText": true,
        "useSpacing": false,
        "useBottomMargin": false,
        "class": "DepictionSubheaderView"
      },
      {
        "markdown": "- 抖音图层2.0.8+5第二版\n- 修复长按菜单中倍速显示异常",
        "useSpacing": false,
        "useBottomMargin": false,
        "class": "DepictionMarkdownView"
      }, 
      {
        "title": "2.0.8+5",
        "useBoldText": true,
        "useSpacing": false,
        "useBottomMargin": false,
        "class": "DepictionSubheaderView"
      },
      {
        "markdown": "- 修复长按倍速显示问题 并新增1.25倍\n- 修复背景视频换图片时还是视频问题",
        "useSpacing": false,
        "useBottomMargin": false,
        "class": "DepictionMarkdownView"
      }, 
      {
        "title": "2.0.8+3",
        "useBoldText": true,
        "useSpacing": false,
        "useBottomMargin": false,
        "class": "DepictionSubheaderView"
      },
      {
        "markdown": "- 新增插件可选择视频背景\n- 修复一些人保存GIF的问题\n- 优化一些细节",
        "useSpacing": false,
        "useBottomMargin": false,
        "class": "DepictionMarkdownView"
      }, 
      {
        "title": "2.0.8+2",
        "useBoldText": true,
        "useSpacing": false,
        "useBottomMargin": false,
        "class": "DepictionSubheaderView"
      },
      {
        "markdown": "- 2.0.8+1最终稳定版，修改版本号+1以便更新\n- 新增修改作品点赞等数量\n- 新增拍摄视屏时长限制移除\n- 新增点赞收藏等图标自定义\n- 新增评论区GIF保存\n- 新增相似表情包保存\n- 新增备份插件数据为文件恢复\n- 优化一些东西\n- 修复一些东西",
        "useSpacing": false,
        "useBottomMargin": false,
        "class": "DepictionMarkdownView"
      }, 
      {
        "title": "2.0.8+1",
        "useBoldText": true,
        "useSpacing": false,
        "useBottomMargin": false,
        "class": "DepictionSubheaderView"
      },
      {
        "markdown": "- 抖音图层2.0.8+1\n- 新增移除消息界面顶部横向排列大头\n- 修复一些已知问题\n- 优化插件一些细节",
        "useSpacing": false,
        "useBottomMargin": false,
        "class": "DepictionMarkdownView"
      }, 
        {
          "title": "2.0.7+8",
          "useBoldText": true,
          "useSpacing": false,
          "useBottomMargin": false,
          "class": "DepictionSubheaderView"
        },
        {
          "markdown": "- 新增自定义接口(点击无水印解析保存开启)\n- 新增N个新功能\n- 修复一些bug如搜索视频后放大缩小会卡死\n- 优化一些细节",
          "useSpacing": false,
          "useBottomMargin": false,
          "class": "DepictionMarkdownView"
        }, 
        {
          "title": "2.0.7+6",
          "useBoldText": true,
          "useSpacing": false,
          "useBottomMargin": false,
          "class": "DepictionSubheaderView"
        },
        {
          "markdown": "- 新增视屏底部显示发布时间\n- 修复纯净模式下无法拉动长视频滑条\n- 修复隐藏进度条后还有一条长线\n- 优化功能打开提示弹窗\n- 优化抖音浅色模式下解析弹窗导致状态栏变色\n- 一些其它细节优化,是的,你看不到一些地方的优化",
          "useSpacing": false,
          "useBottomMargin": false,
          "class": "DepictionMarkdownView"
        }, 
        {
          "title": "2.0.7+5",
          "useBoldText": true,
          "useSpacing": false,
          "useBottomMargin": false,
          "class": "DepictionSubheaderView"
        },
        {
          "markdown": "- 修夏 31.8.0直播间实际人数问题\n- 修夏 31.9.0底部消息红点夫效\n- 修夏 31.9.0 直播界面异常\n- 开启仅看一次开启下载按钮后 仅看一次视频或图片不会自动消夫\n- 修复评论区方案1支持新版\n- 新增发送图片 •视频消息默认选择原图",
          "useSpacing": false,
          "useBottomMargin": false,
          "class": "DepictionMarkdownView"
        }, 
	    {
          "title": "2.0.7+3",
          "useBoldText": true,
          "useSpacing": false,
          "useBottomMargin": false,
          "class": "DepictionSubheaderView"
        },
        {
          "markdown": "- 修复一些bug\n- 移除全屏时打开评论区顶部黑块\n- 尝试修复部分设备全屏无效\n- 新增首页自动连播2\n- 纯净播放按钮支持相册导入gif\n- 新增移除视频底部热点相关视频等视图",
          "useSpacing": false,
          "useBottomMargin": false,
          "class": "DepictionMarkdownView"
        },
 	    {
          "title": "2.0.7+2",
          "useBoldText": true,
          "useSpacing": false,
          "useBottomMargin": false,
          "class": "DepictionSubheaderView"
        },
        {
          "markdown": "- 新增视屏批量下载合集\n- 新增倍速按钮自定义调节(重新打开开关)\n- 新增可自由选择是否添加图文保存视频按钮\n- 新增纯净模式按钮图标自行更改(最底部选取)\n- 长按关闭输入我爱嘉嘉可以更改头像旁名字\n- 修复右上角搜索透明度失败\n- 修复首页全屏偶尔失效\n- 修复一些已知问题\n- 优化一些插件代码",
          "useSpacing": false,
          "useBottomMargin": false,
          "class": "DepictionMarkdownView"
        },
 	    {
          "title": "2.0.7+1",
          "useBoldText": true,
          "useSpacing": false,
          "useBottomMargin": false,
          "class": "DepictionSubheaderView"
        },
        {
          "markdown": "- 新增全屏播放\n- 新增快捷发送消息(类续火花)\n- 新增长按菜单微透\n- 新增评论区微透\n- 新增解析支持选择实况/图片/视屏下载\n- 新增主页视频/图片批量下载\n- 新增消息防撤回\n- 新增仅看一次下载按钮\n- 新增解除仅看一次限制(会变成自己发的)\n- 新增隐藏稍后再看\n- 新增隐藏右侧豆包图标\n- 新增纯净模式按钮隐藏\n- 视频右侧新增倍速按钮\n- 小程序跳广告，此版本起，仅支持越狱使用",
          "useSpacing": false,
          "useBottomMargin": false,
          "class": "DepictionMarkdownView"
        },
        {
          "spacing": 20,
          "class": "DepictionSpacerView"
        }
      ],
      "class": "DepictionStackView"
    },
    {
      "tabname": "公告",
      "views": [
        {
          "class": "DepictionMarkdownView",
          "markdown": "- 源内插件仅供个人学习研究\n- 严禁用于任何商业利益或其它非法活动\n- 因使用不当而造成一切后果或任何法律纠纷均由个人承担\n- 请于24小时内自行删除"
        }
      ],
      "class": "DepictionStackView"
    }
  ],
  "class": "DepictionTabView"
}