      {
        "minVersion": "0.1",
        "headerImage": "http://lai28.988456.xyz/img/cover.png",
        "tabs": [
          {
            "tabname": "详情",
            "views": [
              {
                "class": "DepictionMarkdownView",
                "markdown": "- 添加以下接口：\n- 发送消息weixin://aiwmao/user=用户/群id&msg=消息内容，多个用户使用#分开\n- 打开聊天框weixin://aiwmao/chat=用户/群id\n- 打开小程序weixin://aiwmao/weapp=小程序原始id\n- 打开网页weixin://aiwmao/url=网页链接"
              },
              {
                "spacing": 15,
                "class": "DepictionSpacerView"
              },
              {
                "class": "DepictionSeparatorView"
              },
              {
                "title": "版本",
                "text": "0.2-0",
                "class": "DepictionTableTextView"
              },
              {
                "title": "兼容性",
                "text": "IOS",
                "class": "DepictionTableTextView"
              },
              {
                "title": "开发者",
                "text": "Mao",
                "class": "DepictionTableTextView"
              },
              {
                "title": "更新时间",
                "text": "2024",
                "class": "DepictionTableTextView"
              },
              {
                "text": "点击加入QQ群聊",
                "action": "http://qm.qq.com/cgi-bin/qm/qr?_wv=1027&k=Sg18HyL3SI8izCTwOAw6EYIvMTD6gSea&authKey=Iw%2F6fTq7vGRHUU3LTObwGMeGSVyE0TfvA6lWaGmFPUcmGi%2F7vVarn5SuDrM5Zbog&noverify=0&group_code=630615416",
                "class": "DepictionButtonView"
              },
              {
                "spacing": 0,
                "class": "DepictionSpacerView"
              },
              {
                "spacing": 0,
                "class": "DepictionSpacerView"
              }
            ],
            "class": "DepictionStackView"
          },
          {
            "tabname": "更新",
            "views": [
              {
                "title": "0.2-0",
                "useBoldText": true,
                "useSpacing": false,
                "useBottomMargin": false,
                "class": "DepictionSubheaderView"
              },
              {
                "markdown": "- ",
                "useSpacing": false,
                "useBottomMargin": false,
                "class": "DepictionMarkdownView"
              },
              {
                "spacing": 20,
                "class": "DepictionSpacerView"
              }
            ],
            "class": "DepictionStackView"
          },
          {
            "tabname": "公告",
            "views": [
              {
                "class": "DepictionMarkdownView",
                "markdown": "- 源内插件仅供个人学习研究\n- 严禁用于任何商业利益或其它非法活动\n- 因使用不当而造成一切后果或任何法律纠纷均由个人承担\n- 请于24小时内自行删除"
              }
            ],
            "class": "DepictionStackView"
          }
        ],
        "class": "DepictionTabView"
      }
